@id	@lat	@lon	name	brand
472497230	29.8425581	-95.6452092	McDonald's	McDonald's
472498297	29.8841814	-95.6442538	McDonald's	McDonald's
768247499	30.1757794	-97.5261884	McDonald's	McDonald's
805512966	28.1125208	-97.8196712	McDonald's	McDonald's
880208186	31.7292949	-98.9783824	McDonald's	McDonald's
1280157686	29.6289712	-95.2291271	McDonald's	McDonald's
1332570364	30.4596708	-97.7923848	McDonald's	McDonald's
1445888655	29.5160224	-98.6957389	McDonald's	McDonald's
1475511893	30.4564908	-97.6679124	McDonald's	McDonald's
1755943152	32.7389591	-97.4664820	McDonald's	McDonald's
1788622355	32.5477093	-94.3476331	McDonald's	McDonald's
1797119407	32.2856199	-95.3037956	McDonald's	McDonald's
1878755431	31.8949120	-102.3290435	McDonald's	McDonald's
1924253574	29.6641028	-95.1238044	McDonald's	McDonald's
1924745045	29.8639931	-95.6077292	McDonald's	McDonald's
1938901072	31.9094147	-106.5848064	McDonald's	McDonald's
1941043493	31.8639933	-102.3982563	McDonald's	McDonald's
1970936835	29.0934778	-97.2898739	McDonald's	McDonald's
2083029567	33.3123614	-96.7799751	McDonald's	McDonald's
2215306416	31.8174983	-102.3808784	McDonald's	McDonald's
2365892941	30.5360880	-96.6936160	McDonald's	McDonald's
2375501086	30.8757700	-96.5914250	McDonald's	McDonald's
2572367675	27.6660361	-97.2835098	McDonald's	McDonald's
2652042303	34.2331328	-102.7368294	McDonald's	McDonald's
2696491466	29.5528651	-95.1595002	McDonald's	McDonald's
2704233762	32.6498369	-96.7069122	McDonald's	McDonald's
2714797529	31.8067638	-95.1518564	McDonald's	McDonald's
2776578305	27.7249376	-97.3621208	McDonald's	McDonald's
2805181740	35.1932342	-101.8179214	McDonald's	McDonald's
2807666166	32.6787115	-97.0447500	McDonald's	McDonald's
2812588760	32.0013677	-102.1164389	McDonald's	McDonald's
2830700918	29.6132514	-95.4202076	McDonald's	McDonald's
2898742839	29.5602729	-95.1421685	McDonald's	McDonald's
2898742842	29.5926696	-95.1922400	McDonald's	McDonald's
2972305641	30.0890886	-97.8173301	McDonald's	McDonald's
3101313252	32.5808984	-97.0755540	McDonald's	McDonald's
3173004200	32.7457641	-96.9939199	McDonald's	McDonald's
3180188837	33.1566643	-96.6823995	McDonald's	McDonald's
3244628775	29.8507987	-98.4093029	McDonald's	McDonald's
3304630061	31.7598531	-106.2694308	McDonald's	McDonald's
3307626313	29.7024364	-95.6434132	McDonald's	McDonald's
3311216161	32.8655584	-97.1749249	McDonald's	McDonald's
3319090099	29.4927529	-98.4348711	McDonald's	McDonald's
3328732826	30.2144972	-97.7342912	McDonald's	McDonald's
3353115110	29.6013392	-95.6322524	McDonald's	McDonald's
3353161542	30.2084341	-95.4550038	McDonald's	McDonald's
3374919446	30.1125018	-95.5532820	McDonald's	McDonald's
3516116716	32.9065462	-97.0441640	McDonald's	McDonald's
3590842053	33.1509467	-96.8033646	McDonald's	McDonald's
3772812689	30.3599870	-95.5976240	McDonald's	McDonald's
3774122726	29.5514902	-95.1263979	McDonald's	McDonald's
3802417674	30.0681424	-95.2150286	McDonald's	McDonald's
3903824049	29.7886285	-95.7217061	McDonald's	McDonald's
3911464984	30.0862276	-97.8244761	McDonald's	McDonald's
3948505725	32.2355524	-95.2284080	McDonald's	McDonald's
3998454052	31.9383805	-106.4083256	McDonald's	McDonald's
4078007984	29.2884791	-94.8528009	McDonald's	McDonald's
4227549148	29.5831293	-95.5273525	McDonald's	McDonald's
4485909593	28.5213524	-98.1853719	McDonald's	McDonald's
4523137405	32.9024033	-97.0373166	McDonald's	McDonald's
4523205889	32.9061754	-97.0362107	McDonald's	McDonald's
4610621389	32.7275043	-97.3270042	McDonald's	McDonald's
4612592572	32.8991336	-97.0441243	McDonald's	McDonald's
4633286299	32.9962672	-94.9598746	McDonald's	McDonald's
4640832326	29.6991563	-95.1234158	McDonald's	McDonald's
4729499192	29.7767269	-94.9747314	McDonald's	McDonald's
4729991397	28.7393225	-100.4969287	McDonald's	McDonald's
4770531004	29.5776422	-95.1073850	McDonald's	McDonald's
4779168980	32.8939536	-97.2729925	McDonald's	McDonald's
4937995615	29.5568829	-95.3909137	McDonald's	McDonald's
5072135337	30.3672505	-95.4839260	McDonald's	McDonald's
5134189353	26.2339587	-98.1795485	McDonald's	McDonald's
5180849144	31.9984981	-106.5813998	McDonald's	McDonald's
5202799584	30.9377558	-95.3759035	McDonald's	McDonald's
5274483721	32.4316166	-99.7615671	McDonald's	McDonald's
5449778356	30.0804368	-95.7008480	McDonald's	McDonald's
5529581951	31.9149603	-102.2156569	McDonald's	McDonald's
5542744841	29.5345137	-95.5162585	McDonald's	McDonald's
5558271071	26.2292044	-98.2251029	McDonald's	McDonald's
5589640622	28.9443659	-98.5058781	McDonald's	McDonald's
5694447114	31.1128183	-99.3358161	McDonald's	McDonald's
5742618672	31.6283125	-97.2399643	McDonald's	McDonald's
5744254237	29.6148862	-95.3856118	McDonald's	McDonald's
5757418950	29.6240635	-95.7445076	McDonald's	McDonald's
5879253486	31.8307064	-106.5313194	McDonald's	McDonald's
5894899167	33.3827564	-96.9603119	McDonald's	McDonald's
6057792947	31.1164384	-97.4144113	McDonald's	McDonald's
6075211509	29.4238292	-98.4876547	McDonald's	McDonald's
6086145370	29.7763444	-95.8312579	McDonald's	McDonald's
6088160965	29.7776540	-95.9522228	McDonald's	McDonald's
6103414570	31.9632169	-97.3242796	McDonald's	McDonald's
6103445780	32.9481295	-95.2896327	McDonald's	McDonald's
6104422634	33.4635479	-94.2043284	McDonald's	McDonald's
6164398217	33.0437208	-96.1779509	McDonald's	McDonald's
6325923370	32.3342715	-95.2905960	McDonald's	McDonald's
6615408569	30.0692178	-99.1135916	McDonald's	McDonald's
6654376384	29.4055768	-98.5758693	McDonald's	McDonald's
6656189536	29.2208143	-98.4784345	McDonald's	McDonald's
6923691467	28.3371973	-98.0238296	McDonald's	McDonald's
6927672252	26.1883795	-98.2091327	McDonald's	McDonald's
6950359483	29.9366099	-95.4973993	McDonald's	McDonald's
6950363927	29.8129875	-95.5444694	McDonald's	McDonald's
6950371689	29.6546530	-95.5667531	McDonald's	McDonald's
6950374502	29.6444081	-95.5380669	McDonald's	McDonald's
6950377924	29.8706837	-95.4074273	McDonald's	McDonald's
6950387642	29.9946830	-95.6243429	McDonald's	McDonald's
6950409783	30.1287725	-95.4426742	McDonald's	McDonald's
6953168867	31.6326873	-94.6396610	McDonald's	McDonald's
6953193237	31.6182965	-94.6532089	McDonald's	McDonald's
6953194771	32.7360048	-97.1137708	McDonald's	McDonald's
6953195213	30.7644214	-94.4164570	McDonald's	McDonald's
6953199950	32.6476377	-97.0583135	McDonald's	McDonald's
6953201130	32.8784012	-96.9625774	McDonald's	McDonald's
6953206192	33.0287916	-94.7207817	McDonald's	McDonald's
6953209023	32.6628424	-96.8244812	McDonald's	McDonald's
6953209024	32.6051217	-96.8239233	McDonald's	McDonald's
6953209888	32.7767221	-96.7651454	McDonald's	McDonald's
6953221229	32.8965777	-96.8962973	McDonald's	McDonald's
6953221768	32.8397384	-96.9760314	McDonald's	McDonald's
6953230922	32.7048593	-96.8281183	McDonald's	McDonald's
6956748005	32.7467797	-97.2232868	McDonald's	McDonald's
6956752153	32.7250548	-97.4227814	McDonald's	McDonald's
6956758267	32.7064031	-97.3613186	McDonald's	McDonald's
6956760080	32.7794621	-96.8560387	McDonald's	McDonald's
6956760896	32.7052498	-97.3198678	McDonald's	McDonald's
6956760912	32.7754998	-97.2888078	McDonald's	McDonald's
6956763506	32.7471046	-97.3706044	McDonald's	McDonald's
6959295117	32.8760314	-96.6189650	McDonald's	McDonald's
6959301079	32.8507689	-96.8139750	McDonald's	McDonald's
6959313219	32.9312131	-96.6297233	McDonald's	McDonald's
6959314163	32.9626888	-97.6783839	McDonald's	McDonald's
6959334109	32.8944697	-96.8031442	McDonald's	McDonald's
6986594029	29.7220028	-95.5198306	McDonald's	McDonald's
6994187004	29.6665236	-95.1005207	McDonald's	McDonald's
7106363144	32.9458382	-96.7027330	McDonald's	McDonald's
7106404297	30.1338111	-94.1661143	McDonald's	McDonald's
7106415667	29.8301539	-95.6858030	McDonald's	McDonald's
7141583768	32.8482903	-96.6850989	McDonald's	McDonald's
7196255103	29.4642703	-98.2894046	McDonald's	McDonald's
7466572889	29.9822475	-98.9025300	McDonald's	McDonald's
7640963643	29.1318791	-98.8954886	McDonald's	McDonald's
7816011654	27.6841605	-99.4615917	McDonald's	McDonald's
7862635565	30.5089532	-99.7728872	McDonald's	McDonald's
7869162974	32.3058162	-102.5414501	McDonald's	McDonald's
7882139474	29.9650165	-95.4201284	McDonald's	McDonald's
7907173197	32.8958046	-96.7221786	McDonald's	McDonald's
7956498372	33.4209707	-96.5901872	McDonald's	McDonald's
8078359630	31.3993302	-103.4805032	McDonald's	McDonald's
8200893318	30.2237379	-97.7628904	McDonald's	McDonald's
8221375743	30.0664709	-94.1904567	McDonald's	McDonald's
8372094803	33.0146052	-97.0713985	McDonald's	McDonald's
8406991300	29.7983074	-95.0328755	McDonald's	McDonald's
8440008017	32.2656314	-101.4746754	McDonald's	McDonald's
8986247014	29.7514285	-95.3227955	McDonald's	McDonald's
9008172033	31.8131259	-106.5563160	McDonald's	McDonald's
9063305474	29.7080992	-95.4007673	McDonald's	McDonald's
9090093939	29.9384799	-95.3978893	McDonald's	McDonald's
9163204230	29.4219435	-95.2305955	McDonald's	McDonald's
9180839060	27.7697186	-98.0431981	McDonald's	McDonald's
9198806439	29.5510296	-95.6977884	McDonald's	McDonald's
9203574936	32.8971891	-97.0358902	McDonald's	McDonald's
9261372796	32.7625819	-97.4830712	McDonald's	McDonald's
9294012664	29.5040198	-98.5850905	McDonald's	McDonald's
9365009562	32.7317074	-96.6157053	McDonald's	McDonald's
9378134277	31.8963247	-106.4385099	McDonald's	McDonald's
9386297283	31.6496808	-94.6524344	McDonald's	McDonald's
9386362884	26.1743636	-97.9880848	McDonald's	McDonald's
9528791333	32.9990653	-96.9109733	McDonald's	McDonald's
9566632663	32.7198419	-102.6566923	McDonald's	McDonald's
9725755003	31.7511837	-106.3013869	McDonald's	McDonald's
9786933832	29.6639155	-95.7420127	McDonald's	McDonald's
9802812263	30.1658112	-96.4279630	McDonald's	McDonald's
9926741531	32.8164224	-96.8706767	McDonald's	McDonald's
10076175038	29.3230139	-98.4773910	McDonald's	McDonald's
10542290691	28.6195347	-96.6393910	McDonald's	McDonald's
10966379246	30.2324112	-97.8228926	McDonald's	McDonald's
10975760282	31.4799568	-97.1204187	McDonald's	McDonald's
10983205256	27.5154329	-97.8556921	McDonald's	McDonald's
11042898251	32.4509997	-95.2836720	McDonald's	McDonald's
11135242792	29.9811055	-95.1647525	McDonald's	McDonald's
11166398475	33.0935752	-96.1105899	McDonald's	McDonald's
11194694930	36.0607198	-102.5140960	McDonald's	McDonald's
11383112969	29.7684930	-95.1770790	McDonald's	McDonald's
11610332451	29.6929530	-96.7771200	McDonald's	McDonald's
11610336658	30.0349620	-97.6869820	McDonald's	McDonald's
11610340047	29.6953504	-97.1038632	McDonald's	McDonald's
11624827933	33.0451687	-96.8816995	McDonald's	McDonald's
11739465184	29.6311104	-95.1682553	McDonald's	McDonald's
11742735018	27.7394983	-97.3884905	McDonald's	McDonald's
11742735477	27.7273526	-97.4123231	McDonald's	McDonald's
11742739279	27.7642140	-97.4031555	McDonald's	McDonald's
11769504265	26.1246684	-98.2160556	McDonald's	McDonald's
11778788231	32.8264065	-96.8711290	McDonald's	McDonald's
11778801201	32.6446198	-96.8578476	McDonald's	McDonald's
11778816028	33.0036549	-96.6814113	McDonald's	McDonald's
11778818330	32.8154170	-96.7907936	McDonald's	McDonald's
11803254287	29.5790007	-98.4416052	McDonald's	McDonald's
11808387680	29.5510156	-95.6978005	McDonald's	McDonald's
11815298308	30.2371244	-95.4647615	McDonald's	McDonald's
11840435980	29.6784605	-95.4260128	McDonald's	McDonald's
11959273187	29.5441518	-98.4105960	McDonald's	McDonald's
11959273225	29.3484885	-98.4334898	McDonald's	McDonald's
11959273309	29.4688120	-98.6488960	McDonald's	McDonald's
11976613257	28.9835063	-95.9649336	McDonald's	McDonald's
11990626694	31.8087873	-106.2461500	McDonald's	McDonald's
12009936408	33.2631106	-96.7850158	McDonald's	McDonald's
12042628271	32.9600637	-96.6835596	McDonald's	McDonald's
12044717577	29.8060220	-95.1653430	McDonald's	McDonald's
12045134822	30.0769267	-95.5121973	McDonald's	McDonald's
12050349757	29.6017919	-95.2279156	McDonald's	McDonald's
12050368512	29.5581020	-95.3825980	McDonald's	McDonald's
12084241927	29.8757650	-95.7614368	McDonald's	McDonald's
12103747338	29.2067969	-96.2775149	McDonald's	McDonald's
12122626491	30.0820347	-94.1349795	McDonald's	McDonald's
12128877163	29.7073750	-95.0928300	McDonald's	McDonald's
12137747011	30.0577889	-94.0862794	McDonald's	McDonald's
12199466935	29.5916411	-95.6022306	McDonald's	McDonald's
12203239940	32.2513766	-97.7275761	McDonald's	McDonald's
12217020440	29.7806433	-95.5401854	McDonald's	McDonald's
12271254867	29.8003257	-95.2675557	McDonald's	McDonald's
12271256941	29.7773713	-95.1239742	McDonald's	McDonald's
12271256943	29.8103519	-95.3178682	McDonald's	McDonald's
12271320590	29.8485116	-95.2148221	McDonald's	McDonald's
12286242264	25.9522356	-97.4864027	McDonald's	McDonald's
12286267679	25.9483963	-97.5042507	McDonald's	McDonald's
12286268090	25.9436835	-97.4267733	McDonald's	McDonald's
12286283580	25.8937340	-97.4473492	McDonald's	McDonald's
12286288045	26.1646553	-97.8229903	McDonald's	McDonald's
12286300322	25.9265475	-97.5117260	McDonald's	McDonald's
12286301346	26.1464660	-97.6370889	McDonald's	McDonald's
12288642068	33.5578374	-97.8457739	McDonald's	McDonald's
12288678851	32.9145494	-97.3494768	McDonald's	McDonald's
12288679288	32.9576933	-97.3077057	McDonald's	McDonald's
12288686332	32.8795228	-97.4263376	McDonald's	McDonald's
12290521393	30.1075388	-93.7468747	McDonald's	McDonald's
12290526911	29.8328662	-94.8486669	McDonald's	McDonald's
12290549083	29.8471295	-95.3432946	McDonald's	McDonald's
12290554377	30.0230426	-93.8447146	McDonald's	McDonald's
12290556171	29.7309457	-94.9573939	McDonald's	McDonald's
12290556173	29.8488637	-95.3030301	McDonald's	McDonald's
12290557325	29.6587854	-95.3557593	McDonald's	McDonald's
12290705157	29.7469546	-95.5724538	McDonald's	McDonald's
12290716123	29.7835483	-95.5752648	McDonald's	McDonald's
12290716171	29.7855246	-95.8225638	McDonald's	McDonald's
12290725143	29.8623549	-95.4730700	McDonald's	McDonald's
12290725144	29.8313248	-95.5626142	McDonald's	McDonald's
12290726142	29.5041510	-95.0437975	McDonald's	McDonald's
12290726155	28.9851297	-96.6506701	McDonald's	McDonald's
12290733865	29.7358819	-95.6068670	McDonald's	McDonald's
12290743082	29.9091573	-95.5842818	McDonald's	McDonald's
12290745941	29.6889453	-95.6211782	McDonald's	McDonald's
12290747392	29.5474442	-95.0999548	McDonald's	McDonald's
12290749307	29.7279191	-95.4189591	McDonald's	McDonald's
12290749898	29.7034211	-95.5870310	McDonald's	McDonald's
12290749900	29.6781174	-95.6441270	McDonald's	McDonald's
12290760149	30.1340331	-95.2864546	McDonald's	McDonald's
12290761271	29.9471359	-95.6279994	McDonald's	McDonald's
12290761272	29.9685005	-95.6903189	McDonald's	McDonald's
12290766971	29.9430518	-95.7156621	McDonald's	McDonald's
12290767033	30.1668232	-95.5044411	McDonald's	McDonald's
12290767201	29.9621212	-95.6506337	McDonald's	McDonald's
12290767594	30.0991853	-95.5934239	McDonald's	McDonald's
12290767736	29.9598532	-95.4776466	McDonald's	McDonald's
12290768596	30.0659325	-95.4034346	McDonald's	McDonald's
12290768789	30.0566484	-95.5743537	McDonald's	McDonald's
12290769246	29.9191713	-95.6867367	McDonald's	McDonald's
12290769420	29.7496308	-95.7988241	McDonald's	McDonald's
12290769421	30.0222461	-95.5223527	McDonald's	McDonald's
12290774904	30.1210665	-95.3984542	McDonald's	McDonald's
12290774906	30.2793578	-95.4629608	McDonald's	McDonald's
12290777285	29.5092640	-95.1890580	McDonald's	McDonald's
12290777512	29.5306477	-95.2029682	McDonald's	McDonald's
12290780874	30.3228733	-95.4015821	McDonald's	McDonald's
12290786019	29.5421352	-95.0620977	McDonald's	McDonald's
12290793177	29.4008345	-95.2464515	McDonald's	McDonald's
12290796786	29.3921535	-96.0768811	McDonald's	McDonald's
12292033976	35.1963450	-101.7409850	McDonald's	McDonald's
12292036398	33.9045463	-102.3268499	McDonald's	McDonald's
12292042179	31.8646113	-102.3019057	McDonald's	McDonald's
12292052682	31.7288580	-106.3469083	McDonald's	McDonald's
12292053828	35.1498722	-101.8654537	McDonald's	McDonald's
12292053868	31.7266249	-106.2629181	McDonald's	McDonald's
12292064783	33.4777440	-101.8882082	McDonald's	McDonald's
12292066227	31.6821705	-106.1993174	McDonald's	McDonald's
12292070167	31.6545944	-106.2899766	McDonald's	McDonald's
12292070990	31.7417773	-106.3780832	McDonald's	McDonald's
12292073826	31.7038965	-106.3200212	McDonald's	McDonald's
12292073923	31.8798178	-106.4220896	McDonald's	McDonald's
12292073946	31.7002146	-106.3393726	McDonald's	McDonald's
12292079129	31.7968220	-106.2295628	McDonald's	McDonald's
12292081643	31.5095924	-106.1495829	McDonald's	McDonald's
12292242966	29.4498248	-98.5699780	McDonald's	McDonald's
12292254677	29.4482973	-98.3604033	McDonald's	McDonald's
12292270582	29.8440145	-98.2667772	McDonald's	McDonald's
12292274072	29.5197749	-98.4621186	McDonald's	McDonald's
12292278553	29.5534547	-98.4679952	McDonald's	McDonald's
12292281577	29.4449863	-98.5268333	McDonald's	McDonald's
12292281578	29.5070157	-98.4997094	McDonald's	McDonald's
12292284907	29.4738434	-98.5075260	McDonald's	McDonald's
12292286680	29.5483197	-98.2919912	McDonald's	McDonald's
12292286681	29.6762497	-98.1560655	McDonald's	McDonald's
12292292967	29.7325871	-98.0816111	McDonald's	McDonald's
12292293167	29.5352780	-98.3320104	McDonald's	McDonald's
12292576370	31.0566116	-97.6569017	McDonald's	McDonald's
12292589593	32.6353263	-97.3469903	McDonald's	McDonald's
12292595965	29.3813489	-98.6383438	McDonald's	McDonald's
12292595970	30.0963597	-97.8763340	McDonald's	McDonald's
12292614113	32.7743980	-97.0967078	McDonald's	McDonald's
12292614127	32.8379463	-97.0836237	McDonald's	McDonald's
12292614415	30.5888625	-97.6568660	McDonald's	McDonald's
12292626194	31.4886497	-97.2131120	McDonald's	McDonald's
12292626199	31.6849739	-96.4731472	McDonald's	McDonald's
12292627407	30.8955604	-96.6027359	McDonald's	McDonald's
12292631322	30.5830795	-96.2873621	McDonald's	McDonald's
12292633841	30.6297964	-96.3777259	McDonald's	McDonald's
12550422371	30.2205410	-97.7538385	McDonald's	McDonald's
12627931401	32.3095217	-95.4704182	McDonald's	McDonald's
12645518702	30.1149289	-93.8216087	McDonald's	McDonald's
12654168043	29.8173653	-95.8028054	McDonald's	McDonald's
12769093728	32.8789562	-96.4245483	McDonald's	McDonald's
13433667878	32.0683726	-96.5089609	McDonald's	McDonald's
13485184064	29.6961033	-95.8469631	McDonald's	McDonald's
13528386448	32.8373380	-97.2900692	McDonald's	McDonald's
13534164972	29.7832774	-95.5205792	McDonald's	McDonald's
13728403201	32.8240309	-97.1649436	McDonald's	McDonald's
13762056638	25.9165068	-97.4057797	McDonald's	McDonald's
13892483494	32.8703337	-97.3403673	McDonald's	McDonald's
13991370207	29.9976626	-95.4842901	McDonald's	McDonald's
14014560655	33.1097147	-96.7715575	McDonald's	McDonald's
29169616	30.5213113	-97.8309881	McDonald's	McDonald's
29178360	30.4654875	-97.8031613	McDonald's	McDonald's
29408522	30.4826603	-97.8313348	McDonald's	McDonald's
30288130	32.9523134	-96.9585651	McDonald's	McDonald's
37868192	33.0418301	-97.0355975	McDonald's	McDonald's
41876937	32.6793798	-97.3925928	McDonald's	McDonald's
44972571	32.8605923	-97.2911657	McDonald's	McDonald's
46686108	29.6406306	-95.2443281	McDonald's	McDonald's
46768307	29.6142783	-95.2188170	McDonald's	McDonald's
50172344	30.3980851	-96.0707723	McDonald's	McDonald's
51999523	32.8791348	-97.3809701	McDonald's	McDonald's
61697499	32.8354920	-97.0103375	McDonald's	McDonald's
72508299	30.5094253	-97.6871704	McDonald's	McDonald's
72624670	30.3991604	-97.7468974	McDonald's	McDonald's
72941044	31.0676004	-97.3696183	McDonald's	McDonald's
74457850	30.5828618	-98.2809039	McDonald's	McDonald's
75482040	29.6912417	-96.5384876	McDonald's	McDonald's
91681657	29.4613988	-98.6922950	McDonald's	McDonald's
93355091	30.5414918	-97.5594410	McDonald's	McDonald's
93655933	29.7666426	-96.1531926	McDonald's	McDonald's
97703811	29.4308391	-98.4048752	McDonald's	McDonald's
108272910	29.9506435	-95.4117860	McDonald's	McDonald's
109409119	29.8339077	-94.3850854	McDonald's	McDonald's
109974392	30.3914330	-97.7206346	McDonald's	McDonald's
111790503	29.4969036	-98.7107024	McDonald's	McDonald's
120201505	29.4844827	-98.6675928	McDonald's	McDonald's
122040067	29.4663859	-95.0879511	McDonald's	McDonald's
126815120	29.7912625	-95.5451189	McDonald's	McDonald's
127463673	31.8404772	-106.5736284	McDonald's	McDonald's
130655766	29.8519620	-95.5087149	McDonald's	McDonald's
131422014	29.5503091	-98.6644122	McDonald's	McDonald's
131447023	30.4073087	-97.8512032	McDonald's	McDonald's
131465712	30.4962739	-97.7754753	McDonald's	McDonald's
132679545	29.4399983	-98.4991529	McDonald's	McDonald's
139270778	30.0953883	-94.1113723	McDonald's	McDonald's
139819456	26.0910755	-97.1643778	McDonald's	McDonald's
141020770	29.5195466	-98.6385916	McDonald's	McDonald's
141714332	30.5603533	-97.8457863	McDonald's	McDonald's
148107793	31.0793605	-97.6995297	McDonald's	McDonald's
148132045	32.4695810	-95.3888999	McDonald's	McDonald's
148147309	31.0769132	-97.6551693	McDonald's	McDonald's
148756234	31.6051732	-97.1075656	McDonald's	McDonald's
160963475	26.3043793	-98.1858667	McDonald's	McDonald's
162284286	30.7120385	-94.9545965	McDonald's	McDonald's
163933925	32.7517577	-97.4308801	McDonald's	McDonald's
169750971	30.4392816	-97.6976947	McDonald's	McDonald's
172361296	28.8679208	-96.9970795	McDonald's	McDonald's
173386110	31.7530576	-106.3444141	McDonald's	McDonald's
178257570	35.1768858	-101.9207478	McDonald's	McDonald's
178432142	35.1807406	-101.9387672	McDonald's	McDonald's
179919358	32.7786754	-96.8030287	McDonald's	McDonald's
182792234	29.4996842	-94.9950864	McDonald's	McDonald's
183904287	29.7754871	-95.4272714	McDonald's	McDonald's
189428633	29.5695638	-97.9426517	McDonald's	McDonald's
190914230	29.5821141	-97.9942954	McDonald's	McDonald's
191355338	30.5184179	-97.6568465	McDonald's	McDonald's
196499861	33.2304671	-97.1724026	McDonald's	McDonald's
196677186	29.6888468	-95.4581024	McDonald's	McDonald's
197309597	33.2312827	-97.1350318	McDonald's	McDonald's
197635297	32.8992737	-96.7683027	McDonald's	McDonald's
199569638	29.3800929	-100.9037324	McDonald's	McDonald's
199579987	29.3696500	-100.8870693	McDonald's	McDonald's
205636030	30.1920930	-98.0840176	McDonald's	McDonald's
205774421	30.3641093	-97.6969663	McDonald's	McDonald's
206870552	30.3061988	-97.9370911	McDonald's	McDonald's
215097078	29.4270027	-98.5016636	McDonald's	McDonald's
219970877	30.0445583	-94.8897639	McDonald's	McDonald's
220360699	32.9502438	-96.7358374	McDonald's	McDonald's
220690244	32.9257704	-96.7686916	McDonald's	McDonald's
220969998	33.5192153	-101.9582343	McDonald's	McDonald's
222817050	32.8185144	-96.8138390	McDonald's	McDonald's
225729879	33.0568429	-97.4836593	McDonald's	McDonald's
225757452	33.0275295	-96.7935092	McDonald's	McDonald's
228531866	29.9990684	-95.5822564	McDonald's	McDonald's
230197726	29.6346487	-95.6191230	McDonald's	McDonald's
231628164	29.7368649	-95.5355526	McDonald's	McDonald's
238150021	29.6155707	-98.6046678	McDonald's	McDonald's
238377771	29.6760381	-98.6343764	McDonald's	McDonald's
238812576	29.5640426	-98.5894996	McDonald's	McDonald's
239498860	32.3403926	-97.4072587	McDonald's	McDonald's
240851004	29.5883422	-98.6295167	McDonald's	McDonald's
241405865	29.6070817	-98.5077682	McDonald's	McDonald's
243997533	30.2352529	-97.8758522	McDonald's	McDonald's
244408036	34.1616553	-99.3136256	McDonald's	McDonald's
252617984	30.3497481	-97.5555729	McDonald's	McDonald's
253414159	30.2737697	-97.7986652	McDonald's	McDonald's
253528396	33.5917911	-101.9229032	McDonald's	McDonald's
254845934	29.9659787	-95.5858162	McDonald's	McDonald's
255758330	29.6783316	-95.4026336	McDonald's	McDonald's
256331692	31.5801836	-97.1720618	McDonald's	McDonald's
257040871	30.3581180	-97.7309639	McDonald's	McDonald's
258135306	30.0490841	-95.1853249	McDonald's	McDonald's
259100040	31.5312948	-97.1885758	McDonald's	McDonald's
259476739	26.1721464	-97.9913957	McDonald's	McDonald's
259565933	33.0963027	-96.8040135	McDonald's	McDonald's
260850603	30.6221162	-96.3419378	McDonald's	McDonald's
261156588	31.5227283	-97.1676691	McDonald's	McDonald's
261841136	30.0900995	-95.6315348	McDonald's	McDonald's
262817422	31.7559452	-106.4864777	McDonald's	McDonald's
263646434	31.7635502	-106.3194514	McDonald's	McDonald's
263670321	31.7660344	-106.4615362	McDonald's	McDonald's
263924836	29.5600504	-95.7894791	McDonald's	McDonald's
264552271	30.0786370	-94.1687682	McDonald's	McDonald's
266747017	32.6755294	-97.0934073	McDonald's	McDonald's
267162131	32.8403462	-96.5970456	McDonald's	McDonald's
271674304	32.5627829	-97.3172618	McDonald's	McDonald's
274820706	30.0112863	-97.8627664	McDonald's	McDonald's
285740731	33.1290640	-96.6500988	McDonald's	McDonald's
286358932	33.2476315	-95.9105050	McDonald's	McDonald's
287515595	30.3291058	-97.6606003	McDonald's	McDonald's
294436473	30.4813729	-97.6725229	McDonald's	McDonald's
294609720	30.3606504	-103.6534250	McDonald's	McDonald's
299775835	29.8695740	-97.6683041	McDonald's	McDonald's
304029358	31.9623471	-95.2694561	McDonald's	McDonald's
307375064	31.8598190	-106.5584807	McDonald's	McDonald's
310010872	31.0347265	-104.8554860	McDonald's	McDonald's
312154557	33.1682641	-96.6667059	McDonald's	McDonald's
315097780	30.9636370	-95.8863908	McDonald's	McDonald's
315411922	31.1265104	-97.7274121	McDonald's	McDonald's
316490888	29.8145596	-95.4299309	McDonald's	McDonald's
317237571	34.9816196	-101.9197962	McDonald's	McDonald's
317241332	32.3796639	-97.3924891	McDonald's	McDonald's
317266428	29.7060105	-95.4780753	McDonald's	McDonald's
318299262	30.1231539	-94.1572144	McDonald's	McDonald's
319035750	31.5495556	-97.1246287	McDonald's	McDonald's
327949311	29.5432585	-95.7517972	McDonald's	McDonald's
329405088	29.5997845	-98.4193324	McDonald's	McDonald's
332461400	33.6702905	-96.9055252	McDonald's	McDonald's
334216853	32.0340514	-102.1304858	McDonald's	McDonald's
334274212	29.6355547	-98.4560695	McDonald's	McDonald's
338353027	33.5391307	-101.9217556	McDonald's	McDonald's
344111634	32.5971172	-96.9405371	McDonald's	McDonald's
345660498	29.8974900	-95.4298981	McDonald's	McDonald's
346276237	30.7180872	-95.5676784	McDonald's	McDonald's
350955503	31.7282582	-106.3034448	McDonald's	McDonald's
355042092	29.9020621	-95.3108748	McDonald's	McDonald's
355397099	29.5098128	-98.3729693	McDonald's	McDonald's
356338436	32.7099408	-97.0028380	McDonald's	McDonald's
361647769	30.6817897	-97.7167909	McDonald's	McDonald's
364021612	29.7279966	-95.3450935	McDonald's	McDonald's
364451024	30.2375286	-97.7519909	McDonald's	McDonald's
364682743	32.6476481	-96.9434016	McDonald's	McDonald's
365923642	29.7018517	-95.3598434	McDonald's	McDonald's
366886944	29.7129034	-95.3134724	McDonald's	McDonald's
368009225	29.6851962	-98.1249552	McDonald's	McDonald's
368304159	29.5436529	-98.6149264	McDonald's	McDonald's
369863854	32.9091781	-96.8544509	McDonald's	McDonald's
370379196	29.4577954	-98.5550118	McDonald's	McDonald's
376177091	32.9506180	-96.7683525	McDonald's	McDonald's
379227879	29.7370625	-95.3054191	McDonald's	McDonald's
379695030	29.7029281	-95.2943394	McDonald's	McDonald's
381786198	30.3132291	-97.7074379	McDonald's	McDonald's
381808002	30.3236990	-97.7283440	McDonald's	McDonald's
381814925	30.3385305	-97.7557207	McDonald's	McDonald's
382104138	30.5352116	-97.6906583	McDonald's	McDonald's
382612183	32.5488639	-94.7270499	McDonald's	McDonald's
382703142	30.2723070	-97.6968965	McDonald's	McDonald's
382986345	30.4477965	-97.6396257	McDonald's	McDonald's
382999067	30.4514808	-97.6038855	McDonald's	McDonald's
383195916	30.4125304	-97.6904348	McDonald's	McDonald's
383228622	32.5413411	-94.7484607	McDonald's	McDonald's
383879199	29.6774053	-95.4940199	McDonald's	McDonald's
384030517	30.1912045	-97.7687535	McDonald's	McDonald's
384093102	29.9421490	-93.9899000	McDonald's	McDonald's
384093105	29.9372011	-93.9344626	McDonald's	McDonald's
384115380	30.1742745	-97.8266100	McDonald's	McDonald's
384134728	30.1969751	-97.7863736	McDonald's	McDonald's
384395988	30.3368305	-97.6935045	McDonald's	McDonald's
384758763	30.4225626	-97.6709135	McDonald's	McDonald's
387049289	29.7805873	-95.7184481	McDonald's	McDonald's
387203054	29.7932619	-95.7195071	McDonald's	McDonald's
387275394	32.5001546	-94.7341899	McDonald's	McDonald's
388111047	29.7829662	-95.7531579	McDonald's	McDonald's
391843966	29.8271714	-97.9875051	McDonald's	McDonald's
392002001	32.9759090	-96.7193003	McDonald's	McDonald's
400353625	31.1086956	-97.7150608	McDonald's	McDonald's
404990079	33.0008771	-96.7670710	McDonald's	McDonald's
406736798	31.3252663	-94.7266203	McDonald's	McDonald's
407436765	31.2885183	-94.7292254	McDonald's	McDonald's
408007255	30.6073070	-96.3098031	McDonald's	McDonald's
409213159	31.8599660	-102.3488029	McDonald's	McDonald's
411779480	30.5599604	-97.6843438	McDonald's	McDonald's
414552040	30.6462053	-96.3497726	McDonald's	McDonald's
415092173	31.8276976	-106.4446404	McDonald's	McDonald's
416813882	30.6674220	-96.3713633	McDonald's	McDonald's
417258315	33.1163428	-94.1808152	McDonald's	McDonald's
419995054	32.5243522	-94.7838387	McDonald's	McDonald's
421585647	32.4939806	-94.3577299	McDonald's	McDonald's
421765280	27.7084599	-97.3702742	McDonald's	McDonald's
423700716	32.9879807	-96.8416488	McDonald's	McDonald's
423962888	33.0459362	-96.8306543	McDonald's	McDonald's
423962976	33.0270552	-96.8339706	McDonald's	McDonald's
423963239	33.0243384	-96.8855277	McDonald's	McDonald's
424223466	32.9748733	-96.8904610	McDonald's	McDonald's
425018044	32.9536593	-96.8518697	McDonald's	McDonald's
425993530	27.5747695	-99.4728030	McDonald's	McDonald's
426513622	29.5680604	-95.5656180	McDonald's	McDonald's
426664891	29.2674769	-94.8263822	McDonald's	McDonald's
427136488	32.9248238	-96.8821636	McDonald's	McDonald's
427839299	32.9394473	-96.8384340	McDonald's	McDonald's
428095824	29.7442002	-95.3949081	McDonald's	McDonald's
428377500	29.9977774	-95.1731149	McDonald's	McDonald's
428713712	35.2153446	-101.9018174	McDonald's	McDonald's
429012530	30.0705174	-95.2444963	McDonald's	McDonald's
429540174	32.6736853	-97.0057459	McDonald's	McDonald's
430192946	29.7850615	-95.3612428	McDonald's	McDonald's
431602457	30.0027641	-95.2680355	McDonald's	McDonald's
431990681	30.1815476	-95.5371794	McDonald's	McDonald's
435067915	27.6653196	-97.3960130	McDonald's	McDonald's
435647912	29.8280256	-95.3756508	McDonald's	McDonald's
437137343	29.5680539	-98.3858511	McDonald's	McDonald's
437374987	32.7416657	-94.9422366	McDonald's	McDonald's
437410439	29.9146454	-95.4112415	McDonald's	McDonald's
439239447	29.8326174	-95.4819408	McDonald's	McDonald's
439509723	33.1154517	-95.5934289	McDonald's	McDonald's
439602067	32.0084553	-97.0923742	McDonald's	McDonald's
440901154	30.3881008	-97.6493226	McDonald's	McDonald's
441847748	26.2619060	-98.1682106	McDonald's	McDonald's
442998056	33.5049451	-101.9031169	McDonald's	McDonald's
443542535	33.5201931	-101.9217254	McDonald's	McDonald's
445061184	33.0421700	-96.7711762	McDonald's	McDonald's
448884035	32.9270568	-96.8117349	McDonald's	McDonald's
451935821	32.2037043	-98.2410445	McDonald's	McDonald's
453568100	32.6774848	-97.1359780	McDonald's	McDonald's
455018022	32.9494714	-96.8029430	McDonald's	McDonald's
455432334	33.5772049	-101.9470944	McDonald's	McDonald's
460390080	33.5774658	-101.8663751	McDonald's	McDonald's
462456737	33.5491544	-101.8590990	McDonald's	McDonald's
462478754	33.5482591	-101.8460051	McDonald's	McDonald's
462585281	28.7678600	-96.9780579	McDonald's	McDonald's
462698126	33.5285428	-101.8681014	McDonald's	McDonald's
463908432	32.8108250	-96.7713011	McDonald's	McDonald's
463968634	32.8575657	-96.7681598	McDonald's	McDonald's
463996132	32.7920214	-96.7786976	McDonald's	McDonald's
464128366	33.5982287	-101.8699401	McDonald's	McDonald's
465273249	32.7435167	-96.8343803	McDonald's	McDonald's
465298734	32.7446121	-96.8122935	McDonald's	McDonald's
465667266	32.7829305	-96.8142716	McDonald's	McDonald's
465674177	32.7130227	-96.6848686	McDonald's	McDonald's
465715950	32.7919509	-96.7499301	McDonald's	McDonald's
466464542	32.8331639	-96.7036529	McDonald's	McDonald's
466702254	32.7652174	-96.8969011	McDonald's	McDonald's
466725373	32.7489800	-96.9223247	McDonald's	McDonald's
466785263	33.5918280	-101.9577591	McDonald's	McDonald's
466951982	32.8654081	-96.9013706	McDonald's	McDonald's
466984194	32.8652635	-96.8640416	McDonald's	McDonald's
467217034	32.7216095	-96.8576274	McDonald's	McDonald's
467217073	32.7208531	-96.8894631	McDonald's	McDonald's
467320332	29.4443158	-98.6633970	McDonald's	McDonald's
468031991	32.8352743	-96.6713950	McDonald's	McDonald's
468095497	32.8645996	-96.7009956	McDonald's	McDonald's
468097585	32.9083330	-96.7010280	McDonald's	McDonald's
468110364	32.9100767	-96.7349856	McDonald's	McDonald's
468149628	32.8728013	-96.7629867	McDonald's	McDonald's
468418900	32.8574331	-96.7482306	McDonald's	McDonald's
468819982	32.6706761	-96.8606514	McDonald's	McDonald's
469097708	32.6461197	-96.7812097	McDonald's	McDonald's
469119702	32.9137660	-96.9573542	McDonald's	McDonald's
470318452	32.9858578	-96.8032011	McDonald's	McDonald's
471155147	32.6767668	-96.6008686	McDonald's	McDonald's
473783061	29.8538512	-95.3994911	McDonald's	McDonald's
474647301	33.1009648	-96.6795599	McDonald's	McDonald's
479809415	33.2317555	-97.5965005	McDonald's	McDonald's
480338422	33.0714935	-97.0852848	McDonald's	McDonald's
482578913	33.1294811	-97.0404613	McDonald's	McDonald's
482743569	33.3655011	-97.1808650	McDonald's	McDonald's
483151691	33.1449353	-97.1059178	McDonald's	McDonald's
484589995	33.0190271	-96.7341690	McDonald's	McDonald's
486223642	29.5295453	-98.5618863	McDonald's	McDonald's
487969263	29.9396279	-95.2689477	McDonald's	McDonald's
488139301	33.4664964	-94.0683221	McDonald's	McDonald's
488772926	32.7338147	-97.6336618	McDonald's	McDonald's
491335433	32.7949740	-96.7010150	McDonald's	McDonald's
491966460	33.0642563	-96.8896283	McDonald's	McDonald's
493777387	32.9346878	-97.2297739	McDonald's	McDonald's
495947110	32.9702862	-96.6039420	McDonald's	McDonald's
496202091	32.7278038	-97.3884292	McDonald's	McDonald's
497274066	32.7413010	-97.2631745	McDonald's	McDonald's
497418078	33.0109851	-96.6115904	McDonald's	McDonald's
497724903	32.8402467	-97.3436413	McDonald's	McDonald's
497725077	32.8248558	-97.3145383	McDonald's	McDonald's
498330424	26.1985358	-97.6799063	McDonald's	McDonald's
498375777	26.1812634	-97.7204115	McDonald's	McDonald's
499375323	32.8615312	-97.3157236	McDonald's	McDonald's
502381430	32.6480507	-96.5346629	McDonald's	McDonald's
502512053	32.7198138	-96.6175512	McDonald's	McDonald's
502734880	26.1719046	-97.6729051	McDonald's	McDonald's
503212623	29.8095735	-95.1622765	McDonald's	McDonald's
504049281	32.7128254	-97.2814858	McDonald's	McDonald's
504085151	32.6627364	-97.4214387	McDonald's	McDonald's
504095848	32.6167041	-97.3871166	McDonald's	McDonald's
504124222	32.3517039	-95.3430850	McDonald's	McDonald's
504303302	29.4352469	-98.7093003	McDonald's	McDonald's
504804250	32.7582867	-97.1677942	McDonald's	McDonald's
505351307	32.7855763	-97.3819893	McDonald's	McDonald's
505380991	32.7972491	-97.3492634	McDonald's	McDonald's
507421900	32.9135219	-97.3097513	McDonald's	McDonald's
508477114	32.9543919	-97.2802586	McDonald's	McDonald's
509137964	29.8175049	-95.7694503	McDonald's	McDonald's
511847091	32.4179870	-96.8412977	McDonald's	McDonald's
515685271	32.8250523	-97.0602215	McDonald's	McDonald's
518960022	30.4197976	-95.4929605	McDonald's	McDonald's
519728193	29.4479327	-95.0769797	McDonald's	McDonald's
520365026	29.5073929	-95.0944200	McDonald's	McDonald's
520440801	32.2842828	-95.3304973	McDonald's	McDonald's
520602632	29.8882064	-95.0627765	McDonald's	McDonald's
520700954	29.9169870	-95.6140767	McDonald's	McDonald's
521391704	29.6902382	-95.5349024	McDonald's	McDonald's
524447215	28.3107427	-97.2745507	McDonald's	McDonald's
524936499	27.9236024	-97.1756553	McDonald's	McDonald's
525158139	27.6985503	-97.4113847	McDonald's	McDonald's
525305438	27.6783835	-97.3683904	McDonald's	McDonald's
525812215	27.7522541	-97.4195160	McDonald's	McDonald's
526153446	29.6699847	-95.4614448	McDonald's	McDonald's
528010235	30.0366156	-95.6054888	McDonald's	McDonald's
529194837	27.7428211	-97.4405080	McDonald's	McDonald's
530071209	27.7967053	-97.4407289	McDonald's	McDonald's
530186126	27.7779217	-97.4121742	McDonald's	McDonald's
531232164	32.3754038	-95.3316483	McDonald's	McDonald's
532104890	32.4021671	-98.7916696	McDonald's	McDonald's
532503371	29.7011506	-98.0941676	McDonald's	McDonald's
537018065	31.7750067	-106.5019253	McDonald's	McDonald's
538729177	29.7177811	-98.1622512	McDonald's	McDonald's
540251156	32.6750847	-95.4843296	McDonald's	McDonald's
541238158	31.1019329	-97.3578033	McDonald's	McDonald's
542497000	32.2137910	-98.2151089	McDonald's	McDonald's
543010772	29.8802604	-95.6822112	McDonald's	McDonald's
543181015	29.9920062	-95.7482471	McDonald's	McDonald's
543831893	29.8019362	-95.4844396	McDonald's	McDonald's
544381651	32.3998084	-99.7594525	McDonald's	McDonald's
544615609	33.1371897	-94.9677301	McDonald's	McDonald's
544670061	32.9213803	-96.9943835	McDonald's	McDonald's
544924400	30.5613133	-96.2618872	McDonald's	McDonald's
545533821	32.9080733	-96.5684056	McDonald's	McDonald's
545592663	29.8124033	-95.4598620	McDonald's	McDonald's
546236176	33.2008862	-96.6377585	McDonald's	McDonald's
547106751	33.0842847	-96.6455611	McDonald's	McDonald's
547770870	30.6485558	-97.6781408	McDonald's	McDonald's
547989533	33.1765293	-94.9699626	McDonald's	McDonald's
549214090	30.0442483	-95.3464498	McDonald's	McDonald's
549624730	33.2170893	-96.6338650	McDonald's	McDonald's
551682048	33.1014367	-96.7346178	McDonald's	McDonald's
552250123	30.2203824	-95.5695621	McDonald's	McDonald's
554693455	30.3241232	-95.4995902	McDonald's	McDonald's
554935517	30.3374599	-97.3724917	McDonald's	McDonald's
556188224	29.3050721	-94.7715510	McDonald's	McDonald's
556194234	32.8232155	-97.2023642	McDonald's	McDonald's
556779194	29.7829803	-95.4833256	McDonald's	McDonald's
557035475	29.7396967	-95.6436628	McDonald's	McDonald's
559596383	31.4574244	-97.1713625	McDonald's	McDonald's
561133467	32.9245554	-97.0776505	McDonald's	McDonald's
564164325	32.7079111	-97.1157343	McDonald's	McDonald's
564732586	32.4511545	-100.3973081	McDonald's	McDonald's
565087096	33.0880815	-98.5858339	McDonald's	McDonald's
567038489	30.1434285	-96.3973457	McDonald's	McDonald's
567413256	29.9124222	-95.4808906	McDonald's	McDonald's
567521742	29.7701943	-94.9780817	McDonald's	McDonald's
569201540	33.6240303	-97.1495791	McDonald's	McDonald's
576124728	32.0991241	-96.4437042	McDonald's	McDonald's
577898608	32.7564628	-97.7111687	McDonald's	McDonald's
578214229	32.1963996	-96.8980353	McDonald's	McDonald's
580545428	29.5037427	-95.1154129	McDonald's	McDonald's
582062491	32.7605971	-94.3554513	McDonald's	McDonald's
582397174	32.6993306	-96.2756207	McDonald's	McDonald's
583834912	28.4505720	-99.2397366	McDonald's	McDonald's
587020657	32.8771116	-96.6620488	McDonald's	McDonald's
589332259	29.3736878	-95.0907922	McDonald's	McDonald's
592485065	33.0052272	-96.9772976	McDonald's	McDonald's
594729974	29.3571674	-98.5280263	McDonald's	McDonald's
596238688	29.3421860	-98.5042639	McDonald's	McDonald's
597906835	32.9377728	-96.7191763	McDonald's	McDonald's
598637862	30.2127460	-95.7536858	McDonald's	McDonald's
600423076	32.7892021	-96.5964575	McDonald's	McDonald's
602881363	32.4624960	-99.7054858	McDonald's	McDonald's
605941366	29.5595500	-95.3481695	McDonald's	McDonald's
608808410	29.7705251	-95.6016490	McDonald's	McDonald's
615387420	33.0071085	-97.0206068	McDonald's	McDonald's
615996679	32.8648413	-96.9910461	McDonald's	McDonald's
618681404	26.1258264	-97.6366521	McDonald's	McDonald's
621643588	29.7527655	-95.4589597	McDonald's	McDonald's
622141414	30.0628393	-99.1709517	McDonald's	McDonald's
628890047	32.6725355	-97.1939823	McDonald's	McDonald's
632323842	26.2688632	-98.2183218	McDonald's	McDonald's
634279980	28.4221318	-97.7573438	McDonald's	McDonald's
634947213	32.7065640	-97.0645917	McDonald's	McDonald's
638830468	29.5470335	-98.5086769	McDonald's	McDonald's
639608135	32.5337805	-94.9306873	McDonald's	McDonald's
640535227	29.4171188	-98.6505388	McDonald's	McDonald's
640547786	29.5741814	-98.5453160	McDonald's	McDonald's
640596842	32.8237354	-96.6454859	McDonald's	McDonald's
640644326	32.8013200	-96.6279260	McDonald's	McDonald's
641012163	26.1996336	-98.2058095	McDonald's	McDonald's
641405431	33.1156496	-96.8391220	McDonald's	McDonald's
641426151	32.7858505	-97.0610071	McDonald's	McDonald's
642972753	32.9683417	-96.9942431	McDonald's	McDonald's
643448986	32.8783982	-96.9625703	McDonald's	McDonald's
643448995	32.8667837	-96.9464533	McDonald's	McDonald's
643699548	32.5727252	-96.3102856	McDonald's	McDonald's
645086723	32.8578664	-96.6458251	McDonald's	McDonald's
645152229	32.9157488	-96.6487470	McDonald's	McDonald's
646620299	32.8361767	-96.9293867	McDonald's	McDonald's
648306737	32.8046004	-96.9938228	McDonald's	McDonald's
649224795	32.7336452	-96.6454063	McDonald's	McDonald's
649257295	32.4744058	-96.9786464	McDonald's	McDonald's
650240183	33.1743796	-96.8374099	McDonald's	McDonald's
652876637	32.5779527	-97.3536871	McDonald's	McDonald's
652878615	32.8386925	-97.1844612	McDonald's	McDonald's
652919956	32.8112668	-96.6200150	McDonald's	McDonald's
653621369	33.0201777	-96.7072732	McDonald's	McDonald's
654055210	33.0137847	-96.9935957	McDonald's	McDonald's
654873921	29.8623050	-95.7200157	McDonald's	McDonald's
655829525	32.5806175	-97.1328496	McDonald's	McDonald's
658282834	30.3356674	-95.0976071	McDonald's	McDonald's
658594836	33.0584344	-96.7510205	McDonald's	McDonald's
658609524	33.0722566	-96.7709804	McDonald's	McDonald's
659449746	31.8025368	-94.1919117	McDonald's	McDonald's
659471992	30.1040877	-95.2380816	McDonald's	McDonald's
659537275	32.7498086	-97.1339497	McDonald's	McDonald's
660021689	32.8822195	-97.0980550	McDonald's	McDonald's
660708404	30.6659201	-96.3272985	McDonald's	McDonald's
661571031	32.4167357	-97.2258997	McDonald's	McDonald's
662140516	31.7339680	-95.6111905	McDonald's	McDonald's
662788247	30.5894986	-97.4125586	McDonald's	McDonald's
663233315	32.7665470	-96.6291609	McDonald's	McDonald's
663665222	33.1283665	-96.7338632	McDonald's	McDonald's
664465741	32.6026180	-96.8566201	McDonald's	McDonald's
665351537	33.0717984	-97.0231831	McDonald's	McDonald's
665633233	33.0465029	-97.0114423	McDonald's	McDonald's
665644498	33.1994902	-96.7064816	McDonald's	McDonald's
665708118	33.0576406	-96.7071143	McDonald's	McDonald's
666138135	32.8514562	-97.1128703	McDonald's	McDonald's
666396202	33.5869759	-102.3672191	McDonald's	McDonald's
666746636	32.9426305	-97.1160115	McDonald's	McDonald's
666946653	32.6437263	-97.1158432	McDonald's	McDonald's
667318062	31.7680502	-106.3196177	McDonald's	McDonald's
667339939	32.7468065	-96.5961841	McDonald's	McDonald's
667586096	32.5181313	-94.8513810	McDonald's	McDonald's
667757871	32.5295732	-97.3388850	McDonald's	McDonald's
669491418	29.8035415	-94.9810935	McDonald's	McDonald's
669847886	29.8234936	-94.8978585	McDonald's	McDonald's
670741637	32.8417731	-97.2381948	McDonald's	McDonald's
670769771	32.8732175	-97.2615998	McDonald's	McDonald's
671593063	29.8463225	-95.3840320	McDonald's	McDonald's
671637633	32.9790100	-96.6638674	McDonald's	McDonald's
671864311	32.6048746	-96.7876901	McDonald's	McDonald's
671979776	29.9850430	-95.5026708	McDonald's	McDonald's
671988241	30.0058312	-95.4669704	McDonald's	McDonald's
672138200	29.7750063	-95.3896141	McDonald's	McDonald's
672152366	29.8046172	-95.3988532	McDonald's	McDonald's
672173740	32.6588473	-97.1351710	McDonald's	McDonald's
672397663	29.3578854	-98.5504300	McDonald's	McDonald's
672420550	29.3549471	-98.4807396	McDonald's	McDonald's
672554405	32.6502874	-97.3675729	McDonald's	McDonald's
674096205	33.1520433	-96.8634664	McDonald's	McDonald's
675739786	26.2200219	-98.2598561	McDonald's	McDonald's
677777753	32.3064614	-95.3001646	McDonald's	McDonald's
678169582	32.8023751	-97.2204109	McDonald's	McDonald's
678181668	32.8135061	-96.9490142	McDonald's	McDonald's
678258410	33.1767280	-96.8881565	McDonald's	McDonald's
678629299	29.4517854	-98.6300590	McDonald's	McDonald's
678773447	34.1888576	-101.7509683	McDonald's	McDonald's
679320284	32.8985940	-97.2380021	McDonald's	McDonald's
680456927	33.4317461	-101.6635764	McDonald's	McDonald's
682127257	29.5856399	-98.4759872	McDonald's	McDonald's
682793044	32.2287050	-101.4710238	McDonald's	McDonald's
683018977	29.3661197	-98.5045752	McDonald's	McDonald's
687448543	29.7403004	-94.9805980	McDonald's	McDonald's
690722913	29.7899846	-95.3725525	McDonald's	McDonald's
691430615	29.7380362	-95.5025369	McDonald's	McDonald's
691463567	32.6468175	-97.1842582	McDonald's	McDonald's
691824042	32.9664712	-97.4150432	McDonald's	McDonald's
691994259	32.8021660	-97.2639410	McDonald's	McDonald's
692481688	32.9168606	-96.5201439	McDonald's	McDonald's
693394125	31.8012609	-106.3028092	McDonald's	McDonald's
696049898	26.1788844	-98.0409058	McDonald's	McDonald's
698130070	35.1173103	-101.9064161	McDonald's	McDonald's
701525010	32.8337436	-97.1329114	McDonald's	McDonald's
702330875	30.1834852	-95.4882554	McDonald's	McDonald's
705312184	32.9473103	-96.6194091	McDonald's	McDonald's
706245520	32.6438180	-96.8908438	McDonald's	McDonald's
706801520	30.0414410	-95.4885937	McDonald's	McDonald's
706811782	30.0699943	-95.4492334	McDonald's	McDonald's
707043813	30.0735840	-95.5099189	McDonald's	McDonald's
707870684	27.8826588	-97.3186672	McDonald's	McDonald's
708118573	33.1913280	-101.3778643	McDonald's	McDonald's
708184840	29.3538383	-98.8807142	McDonald's	McDonald's
708325144	29.3480711	-99.1231019	McDonald's	McDonald's
708639525	32.9696643	-96.3328123	McDonald's	McDonald's
709038273	33.0082747	-96.5445506	McDonald's	McDonald's
709082435	34.0822581	-98.5614053	McDonald's	McDonald's
709093614	33.9602448	-98.5147123	McDonald's	McDonald's
710322214	33.2240300	-97.7632110	McDonald's	McDonald's
712438378	29.4854867	-98.5942993	McDonald's	McDonald's
713263124	32.6648215	-97.2398332	McDonald's	McDonald's
713514000	32.8835125	-97.2042750	McDonald's	McDonald's
713697064	32.7092070	-97.1480805	McDonald's	McDonald's
713757770	32.6606260	-97.2805582	McDonald's	McDonald's
714883053	32.7558205	-96.4659375	McDonald's	McDonald's
715513239	32.9071335	-96.1286065	McDonald's	McDonald's
717738244	32.5314146	-96.8194708	McDonald's	McDonald's
718503259	32.7374723	-101.9510295	McDonald's	McDonald's
725225269	28.0367659	-97.0420475	McDonald's	McDonald's
725243136	32.8101009	-98.0833820	McDonald's	McDonald's
725250617	32.7312080	-97.7899849	McDonald's	McDonald's
725992382	35.1913142	-101.7949057	McDonald's	McDonald's
727506759	31.7889160	-106.3961585	McDonald's	McDonald's
728254067	30.1790626	-96.9162080	McDonald's	McDonald's
729665495	33.8574038	-98.5474430	McDonald's	McDonald's
731142667	29.7056036	-95.4116401	McDonald's	McDonald's
733458286	32.5078278	-94.5856098	McDonald's	McDonald's
733614668	30.5337009	-97.7882882	McDonald's	McDonald's
733905698	32.2062290	-95.8362870	McDonald's	McDonald's
733972274	33.8812895	-98.5284090	McDonald's	McDonald's
734026335	27.5061910	-99.4728250	McDonald's	McDonald's
734027888	27.5302480	-99.4758835	McDonald's	McDonald's
734028905	27.5435793	-99.5037387	McDonald's	McDonald's
734191109	35.1924935	-101.8848900	McDonald's	McDonald's
734205541	33.4179735	-94.0981810	McDonald's	McDonald's
734499904	31.5246960	-97.1413390	McDonald's	McDonald's
734555386	30.9092603	-93.9953847	McDonald's	McDonald's
734565714	32.1326470	-94.8046875	McDonald's	McDonald's
734622578	31.4425328	-100.4413723	McDonald's	McDonald's
734895871	31.7698108	-106.4262892	McDonald's	McDonald's
734896087	31.7790470	-106.4619070	McDonald's	McDonald's
734905096	32.3897452	-94.8651154	McDonald's	McDonald's
734925233	31.6812132	-106.3126636	McDonald's	McDonald's
736354322	29.9308939	-95.3563510	McDonald's	McDonald's
736661521	25.9212608	-97.4914461	McDonald's	McDonald's
736669487	25.9010068	-97.4909112	McDonald's	McDonald's
736674127	25.9198700	-97.4669621	McDonald's	McDonald's
736677695	25.9674104	-97.5134974	McDonald's	McDonald's
736963774	31.0603630	-98.1810506	McDonald's	McDonald's
737410238	32.8107895	-97.4251740	McDonald's	McDonald's
737621717	32.6281080	-97.3205325	McDonald's	McDonald's
738884893	32.7073805	-100.9185535	McDonald's	McDonald's
738896041	33.1818287	-102.2737061	McDonald's	McDonald's
739439040	30.0501864	-99.1379899	McDonald's	McDonald's
739701915	27.6104650	-99.4723875	McDonald's	McDonald's
739711489	29.4008698	-98.4616035	McDonald's	McDonald's
739844494	27.5093530	-99.5038870	McDonald's	McDonald's
739857307	27.5588030	-99.4472135	McDonald's	McDonald's
740145992	31.7772122	-106.3852256	McDonald's	McDonald's
745964311	31.4344855	-97.7312865	McDonald's	McDonald's
746253692	29.5142080	-98.5356335	McDonald's	McDonald's
746255085	29.3975615	-98.5575957	McDonald's	McDonald's
746514252	26.2482578	-98.4752869	McDonald's	McDonald's
746545989	29.7173273	-95.5394043	McDonald's	McDonald's
746711504	27.5675345	-99.5015520	McDonald's	McDonald's
746789569	29.4299151	-98.5492079	McDonald's	McDonald's
748708930	35.1640430	-101.8873970	McDonald's	McDonald's
748874855	32.1589150	-94.3615555	McDonald's	McDonald's
749078882	26.2930845	-97.9927930	McDonald's	McDonald's
749084884	31.7704740	-106.3768105	McDonald's	McDonald's
749927801	29.4699753	-98.4630714	McDonald's	McDonald's
751224506	31.4666180	-100.4458855	McDonald's	McDonald's
752701160	33.6622895	-95.5063195	McDonald's	McDonald's
752729266	29.3397200	-98.6224380	McDonald's	McDonald's
753042220	28.8102155	-96.9772790	McDonald's	McDonald's
753042382	28.8239795	-97.0002005	McDonald's	McDonald's
753384498	30.5003386	-97.5828949	McDonald's	McDonald's
753416330	30.6472134	-97.0185104	McDonald's	McDonald's
755539029	29.5120275	-98.3087410	McDonald's	McDonald's
756227585	32.7509985	-96.6834025	McDonald's	McDonald's
757486321	26.1864893	-98.2324415	McDonald's	McDonald's
758462610	32.5761831	-95.8546411	McDonald's	McDonald's
760887430	31.0909168	-97.3889973	McDonald's	McDonald's
760887827	31.0554247	-97.4466776	McDonald's	McDonald's
761879172	30.7592291	-98.2296000	McDonald's	McDonald's
762998374	29.7322652	-95.2397974	McDonald's	McDonald's
765412905	29.7978064	-98.4292123	McDonald's	McDonald's
766380136	29.3949026	-94.9497158	McDonald's	McDonald's
766571554	30.3131266	-95.4684827	McDonald's	McDonald's
768682271	35.5450997	-100.9724304	McDonald's	McDonald's
769881746	35.2215673	-101.8300529	McDonald's	McDonald's
770069599	31.4233855	-100.4961821	McDonald's	McDonald's
771948655	30.0397252	-94.1148129	McDonald's	McDonald's
778402434	28.8146935	-97.8591402	McDonald's	McDonald's
781539816	29.4021481	-95.8344125	McDonald's	McDonald's
782324696	32.6760572	-97.3211803	McDonald's	McDonald's
782784913	33.5629220	-101.9046789	McDonald's	McDonald's
792405922	35.6632697	-101.3990088	McDonald's	McDonald's
792713349	32.9093941	-97.1903439	McDonald's	McDonald's
801828137	31.7831940	-106.4211793	McDonald's	McDonald's
802312036	26.2406199	-98.2464832	McDonald's	McDonald's
802678173	33.0257372	-97.2756519	McDonald's	McDonald's
805430551	33.1737510	-96.4997515	McDonald's	McDonald's
805459873	32.8983459	-96.4683257	McDonald's	McDonald's
810067891	32.3312760	-96.1134680	McDonald's	McDonald's
817032336	29.5458152	-98.3669950	McDonald's	McDonald's
817043901	29.6242152	-98.2401000	McDonald's	McDonald's
817649320	27.7524645	-98.0821960	McDonald's	McDonald's
817665264	29.2908990	-94.8258480	McDonald's	McDonald's
818277630	31.8844479	-106.5808927	McDonald's	McDonald's
820223931	30.1528948	-95.2180035	McDonald's	McDonald's
822624818	26.2014060	-98.3243116	McDonald's	McDonald's
822881243	29.3750520	-98.4563015	McDonald's	McDonald's
822889155	29.4839345	-98.5459975	McDonald's	McDonald's
823217823	29.4066346	-98.6297457	McDonald's	McDonald's
823238964	29.4847640	-98.4016660	McDonald's	McDonald's
823242756	29.4800045	-98.3625055	McDonald's	McDonald's
825702323	29.5986391	-98.2771822	McDonald's	McDonald's
829365807	35.2286334	-100.2496121	McDonald's	McDonald's
829479061	26.3704311	-98.7983852	McDonald's	McDonald's
829522846	30.0192981	-95.4337298	McDonald's	McDonald's
831669502	26.2574313	-98.3156539	McDonald's	McDonald's
832070881	31.8814241	-102.3851403	McDonald's	McDonald's
834041989	29.7574372	-95.6257413	McDonald's	McDonald's
834592873	31.4477612	-96.0749976	McDonald's	McDonald's
835609322	29.9795814	-95.2480894	McDonald's	McDonald's
837411459	27.5903638	-99.5123512	McDonald's	McDonald's
839186654	28.8975426	-99.0939532	McDonald's	McDonald's
844126600	33.8537438	-98.5007090	McDonald's	McDonald's
845874788	33.9000021	-98.4960430	McDonald's	McDonald's
846940803	29.7040024	-95.5560353	McDonald's	McDonald's
848544789	31.0783804	-97.7570400	McDonald's	McDonald's
848554584	31.1103786	-97.7480900	McDonald's	McDonald's
848645029	29.8585105	-95.5239135	McDonald's	McDonald's
848673360	29.6715500	-95.2765405	McDonald's	McDonald's
849315975	29.7856143	-95.2193239	McDonald's	McDonald's
849325370	29.7905055	-95.1874940	McDonald's	McDonald's
850699839	29.7164942	-95.7779650	McDonald's	McDonald's
852235100	33.7629323	-96.5841443	McDonald's	McDonald's
854274497	29.6500871	-95.1720909	McDonald's	McDonald's
864285365	33.1971751	-97.1378473	McDonald's	McDonald's
867057124	29.9565805	-94.0069035	McDonald's	McDonald's
871730452	32.7073205	-96.0078473	McDonald's	McDonald's
871793172	32.7381234	-96.3040346	McDonald's	McDonald's
877350254	32.8903010	-97.1486931	McDonald's	McDonald's
877383163	33.1596831	-95.2357574	McDonald's	McDonald's
879543757	30.7059685	-95.5458940	McDonald's	McDonald's
880455316	29.7362174	-95.5645540	McDonald's	McDonald's
881189520	30.0734254	-95.4349786	McDonald's	McDonald's
881216599	29.3590522	-94.9809475	McDonald's	McDonald's
883624250	32.3346671	-96.6146399	McDonald's	McDonald's
885013520	29.8841488	-97.9225004	McDonald's	McDonald's
885018212	29.8678400	-97.9382632	McDonald's	McDonald's
891130980	33.1188778	-96.0948351	McDonald's	McDonald's
895072858	32.4690043	-94.0548873	McDonald's	McDonald's
899373310	33.4529972	-94.0825378	McDonald's	McDonald's
899732873	33.4644776	-94.0436802	McDonald's	McDonald's
901687992	30.8994872	-102.9059385	McDonald's	McDonald's
902111878	29.6797995	-95.3565090	McDonald's	McDonald's
903630521	29.9047990	-96.9103944	McDonald's	McDonald's
906721524	30.1063183	-97.3344360	McDonald's	McDonald's
908572262	30.2357125	-97.7241240	McDonald's	McDonald's
908671086	26.2995699	-98.1461399	McDonald's	McDonald's
912316196	29.9254890	-95.1977107	McDonald's	McDonald's
912605135	30.3355777	-95.4679822	McDonald's	McDonald's
914422659	29.9462502	-95.5634256	McDonald's	McDonald's
915713706	29.3226428	-96.0978216	McDonald's	McDonald's
917562639	29.4118202	-98.5064428	McDonald's	McDonald's
918833174	35.8506338	-101.9738277	McDonald's	McDonald's
918844948	33.2197244	-96.8747872	McDonald's	McDonald's
920602715	29.7028671	-95.6872215	McDonald's	McDonald's
922317739	30.2566196	-94.1987673	McDonald's	McDonald's
929529699	29.5764434	-95.0272706	McDonald's	McDonald's
930836939	30.8105074	-97.6120439	McDonald's	McDonald's
935513352	29.8704768	-95.3289572	McDonald's	McDonald's
935519719	27.2269659	-98.1399826	McDonald's	McDonald's
935874135	30.0569100	-94.7962375	McDonald's	McDonald's
940718193	29.0487549	-95.4615505	McDonald's	McDonald's
942629425	26.1806805	-98.1898710	McDonald's	McDonald's
951977530	31.1195030	-97.8893715	McDonald's	McDonald's
961152073	32.4525366	-99.7676895	McDonald's	McDonald's
972999527	29.6423954	-98.4899579	McDonald's	McDonald's
973621524	32.4578623	-97.7267407	McDonald's	McDonald's
976161066	31.1017421	-97.8032270	McDonald's	McDonald's
979999609	29.6774497	-95.5280867	McDonald's	McDonald's
982160572	33.6102585	-95.0532288	McDonald's	McDonald's
984505423	33.3441196	-96.5658863	McDonald's	McDonald's
985009568	33.6625512	-96.5976129	McDonald's	McDonald's
990210984	31.8992147	-106.4379632	McDonald's	McDonald's
1007516013	33.2177107	-96.6828398	McDonald's	McDonald's
1007945540	30.3886338	-95.6947191	McDonald's	McDonald's
1014219376	30.6955374	-96.3615112	McDonald's	McDonald's
1014967594	33.9649798	-98.6716251	McDonald's	McDonald's
1017276526	29.0119019	-95.4206331	McDonald's	McDonald's
1017469492	28.9690262	-95.3712503	McDonald's	McDonald's
1018191304	29.7743443	-95.2467097	McDonald's	McDonald's
1019256067	29.9012512	-95.5518014	McDonald's	McDonald's
1019780042	27.6922728	-97.3416779	McDonald's	McDonald's
1023522357	29.7320136	-95.4846951	McDonald's	McDonald's
1023958027	29.9976205	-95.4230522	McDonald's	McDonald's
1026582397	33.1901413	-97.1036959	McDonald's	McDonald's
1028275614	30.0196257	-95.3793599	McDonald's	McDonald's
1037833953	30.0350712	-95.5549360	McDonald's	McDonald's
1044772985	36.3885753	-100.8023249	McDonald's	McDonald's
1052707312	32.9637031	-96.4641902	McDonald's	McDonald's
1053140127	26.4022768	-99.0113499	McDonald's	McDonald's
1057029788	29.6548303	-95.5079294	McDonald's	McDonald's
1058073972	29.5383050	-95.1462267	McDonald's	McDonald's
1058230790	32.1711425	-96.0124740	McDonald's	McDonald's
1060979955	29.6856290	-95.2961435	McDonald's	McDonald's
1064488251	29.2126966	-99.7781918	McDonald's	McDonald's
1068373450	32.9640240	-102.8347472	McDonald's	McDonald's
1069397052	27.7853148	-97.6556728	McDonald's	McDonald's
1069451097	27.4908007	-97.8457712	McDonald's	McDonald's
1071356103	29.9580635	-95.5429520	McDonald's	McDonald's
1073230599	32.3318870	-95.2650687	McDonald's	McDonald's
1075388697	29.5165631	-97.4603051	McDonald's	McDonald's
1075935755	30.0054184	-95.2979557	McDonald's	McDonald's
1077348303	30.0969590	-96.0787475	McDonald's	McDonald's
1077348317	30.1081643	-96.0467309	McDonald's	McDonald's
1080809121	33.5960838	-96.6069876	McDonald's	McDonald's
1080908946	29.7111715	-95.2008915	McDonald's	McDonald's
1082421676	32.7580876	-96.8661153	McDonald's	McDonald's
1083335202	34.4348903	-100.2280715	McDonald's	McDonald's
1084563229	29.6902975	-95.2201345	McDonald's	McDonald's
1086972226	30.1322970	-94.0162330	McDonald's	McDonald's
1087117113	32.7392943	-96.4479549	McDonald's	McDonald's
1093622239	32.6300006	-97.4106540	McDonald's	McDonald's
1095785118	29.1367285	-95.6532385	McDonald's	McDonald's
1096078645	29.7749848	-95.3171467	McDonald's	McDonald's
1100974505	29.3361539	-98.5517749	McDonald's	McDonald's
1100979418	29.4046838	-98.7065747	McDonald's	McDonald's
1101167106	29.6518001	-95.0277034	McDonald's	McDonald's
1108043523	31.7936997	-106.2672048	McDonald's	McDonald's
1108399344	31.9997353	-106.6055079	McDonald's	McDonald's
1108411241	31.6578164	-106.2425074	McDonald's	McDonald's
1108411249	31.6891943	-106.2641095	McDonald's	McDonald's
1109708129	33.1252996	-96.8918679	McDonald's	McDonald's
1112760308	33.1737494	-96.7343212	McDonald's	McDonald's
1117057022	31.1912766	-97.3122237	McDonald's	McDonald's
1117296438	32.9394569	-96.9016725	McDonald's	McDonald's
1119111974	33.5491621	-101.9576815	McDonald's	McDonald's
1125234141	29.5676743	-95.2866939	McDonald's	McDonald's
1125764327	32.4127712	-99.4892531	McDonald's	McDonald's
1127831000	29.7155480	-95.8139005	McDonald's	McDonald's
1128074492	32.7593187	-98.9440841	McDonald's	McDonald's
1132011239	33.2253035	-96.9879429	McDonald's	McDonald's
1133291639	32.6815120	-97.4626306	McDonald's	McDonald's
1134644833	29.2285404	-98.7899690	McDonald's	McDonald's
1136841835	29.5330651	-95.8078257	McDonald's	McDonald's
1137759773	30.2679282	-98.8628712	McDonald's	McDonald's
1144828696	31.3316298	-94.7595827	McDonald's	McDonald's
1160312417	29.6741007	-95.5613637	McDonald's	McDonald's
1160723723	32.3721972	-96.0972335	McDonald's	McDonald's
1164791650	26.8941437	-99.2637555	McDonald's	McDonald's
1167173690	28.6866457	-100.4730291	McDonald's	McDonald's
1178613055	32.4487302	-97.3850646	McDonald's	McDonald's
1183763770	31.7178759	-96.1739752	McDonald's	McDonald's
1183839300	28.7082933	-100.4853818	McDonald's	McDonald's
1210009110	29.3860727	-98.5245716	McDonald's	McDonald's
1211938183	29.6630554	-95.2361820	McDonald's	McDonald's
1212940470	31.8049368	-97.1012194	McDonald's	McDonald's
1214625195	30.1141041	-93.8214815	McDonald's	McDonald's
1215459333	29.1818320	-95.4324034	McDonald's	McDonald's
1218926767	33.6032850	-96.1755232	McDonald's	McDonald's
1224675941	32.4436394	-94.7184067	McDonald's	McDonald's
1227098351	29.6256377	-95.4656131	McDonald's	McDonald's
1228047569	28.0116541	-97.5329872	McDonald's	McDonald's
1229003363	29.5187626	-98.7732645	McDonald's	McDonald's
1233980759	29.6519385	-95.7097296	McDonald's	McDonald's
1234303330	32.3731476	-96.8655327	McDonald's	McDonald's
1235363030	30.6584107	-97.8880714	McDonald's	McDonald's
1235510612	27.9479462	-97.5851847	McDonald's	McDonald's
1251182834	32.4582453	-96.9958235	McDonald's	McDonald's
1255463029	29.3978150	-98.3874309	McDonald's	McDonald's
1255975544	29.6884102	-95.5677852	McDonald's	McDonald's
1263282851	30.5893470	-97.6575190	McDonald's	McDonald's
1263544509	29.6654222	-95.1941515	McDonald's	McDonald's
1263545452	29.6848873	-95.1557459	McDonald's	McDonald's
1263555535	32.8993950	-97.5459321	McDonald's	McDonald's
1263923870	27.8465761	-97.5865863	McDonald's	McDonald's
1265032237	32.3105931	-95.2757060	McDonald's	McDonald's
1268211235	32.6641095	-96.9079123	McDonald's	McDonald's
1268212274	32.8226074	-96.8562223	McDonald's	McDonald's
1268224760	27.4467934	-99.4773498	McDonald's	McDonald's
1268224917	27.4746043	-99.4760464	McDonald's	McDonald's
1268225300	28.5236259	-99.8557879	McDonald's	McDonald's
1268226225	31.9744233	-102.0741228	McDonald's	McDonald's
1268226560	31.9208026	-102.2936708	McDonald's	McDonald's
1268291652	31.5769059	-102.8921228	McDonald's	McDonald's
1276517227	26.0719144	-97.4750372	McDonald's	McDonald's
1284634715	30.4927973	-97.7253649	McDonald's	McDonald's
1284777361	31.8529871	-103.0710070	McDonald's	McDonald's
1288445363	33.2841642	-96.5612650	McDonald's	McDonald's
1290089857	29.7344901	-95.7537856	McDonald's	McDonald's
1291547389	34.8100836	-102.4093329	McDonald's	McDonald's
1291912543	31.3233970	-95.4365199	McDonald's	McDonald's
1292167428	29.6000173	-95.3524351	McDonald's	McDonald's
1292491526	33.1802452	-96.6200389	McDonald's	McDonald's
1292928446	30.2079248	-95.4245772	McDonald's	McDonald's
1298551326	33.4720212	-94.4084034	McDonald's	McDonald's
1327324171	29.1560117	-98.1684116	McDonald's	McDonald's
1327325646	29.4383989	-98.4497846	McDonald's	McDonald's
1327326745	29.4199119	-98.5275752	McDonald's	McDonald's
1327356716	29.6207098	-95.5696793	McDonald's	McDonald's
1327357214	29.4667999	-98.6043649	McDonald's	McDonald's
1328227732	33.4346052	-94.0620292	McDonald's	McDonald's
1330770649	29.6647307	-95.0936861	McDonald's	McDonald's
1341676447	30.5963343	-96.3334909	McDonald's	McDonald's
1343579115	31.6998616	-106.2152810	McDonald's	McDonald's
1347425434	33.2564839	-97.1094791	McDonald's	McDonald's
1351919359	32.7341877	-96.5592240	McDonald's	McDonald's
1352437671	29.6931285	-98.4534962	McDonald's	McDonald's
1359406029	30.1616571	-97.7251768	McDonald's	McDonald's
1363789433	32.3095254	-95.4704180	McDonald's	McDonald's
1366382935	29.4844553	-95.4046444	McDonald's	McDonald's
1376117427	33.0092308	-97.2231238	McDonald's	McDonald's
1414160073	30.5776117	-97.8730781	McDonald's	McDonald's
1419400557	26.4824030	-97.7683440	McDonald's	McDonald's
1420293912	26.2119853	-97.7585558	McDonald's	McDonald's
1421212130	33.2620017	-96.8158081	McDonald's	McDonald's
1423391233	31.9944164	-102.1728552	McDonald's	McDonald's
1427921093	30.3443873	-94.1816100	McDonald's	McDonald's
1452353031	29.8646744	-97.9615303	McDonald's	McDonald's
1454032045	30.1934403	-95.1961773	McDonald's	McDonald's
1460293692	32.6304927	-96.4481649	McDonald's	McDonald's
1463544470	31.3058657	-96.8757140	McDonald's	McDonald's
1465156801	29.4613559	-98.7301439	McDonald's	McDonald's
1465409170	32.9315732	-96.3818040	McDonald's	McDonald's
1474507871	32.7809016	-96.4769651	McDonald's	McDonald's
1486478470	33.2210132	-96.9224521	McDonald's	McDonald's
1487415309	32.6973085	-96.4535649	McDonald's	McDonald's
1490516653	33.1010772	-97.2280095	McDonald's	McDonald's
1492917085	32.7414048	-96.4157834	McDonald's	McDonald's
1509805255	33.1583628	-96.3896864	McDonald's	McDonald's
1510782865	32.7310727	-97.5043024	McDonald's	McDonald's
1524275980	33.2040563	-96.7336516	McDonald's	McDonald's
1535995308	32.7230674	-97.1824478	McDonald's	McDonald's
